City_ID,City,Lat,Lng,Max Temp,Humidity,Cloudiness,Wind Speed,Country,Date
0,port-aux-francais,-49.35,70.2167,4.27,90,100,14.67,TF,1727391750
1,tura,25.5198,90.2201,22.11,98,100,1.35,IN,1727391751
2,badger,64.8,-147.5333,6.66,85,100,2.06,US,1727391753
3,pacific grove,36.6177,-121.9166,19.12,92,3,3.13,US,1727391688
4,port elizabeth,-33.918,25.5701,15.16,85,0,3.09,ZA,1727391755
5,anadyr,64.75,177.4833,3.28,74,75,2.0,RU,1727391756
6,puerto deseado,-47.7503,-65.8938,11.89,37,64,8.9,AR,1727391757
7,petropavlovsk-kamchatsky,53.0452,158.6483,10.33,66,0,2.0,RU,1727391758
8,grytviken,-54.2811,-36.5092,-0.63,79,56,10.46,GS,1727391759
9,tierp,60.3427,17.5181,12.19,98,100,2.81,SE,1727391760
10,kavieng,-2.5744,150.7967,29.02,70,26,2.14,PG,1727391761
11,veraval,20.9,70.3667,25.65,92,100,5.65,IN,1727391762
12,yellowknife,62.456,-114.3525,10.23,90,100,6.17,CA,1727391644
13,nantucket,41.2835,-70.0995,18.06,88,100,5.14,US,1727391537
14,port blair,11.6667,92.75,26.02,94,40,1.03,IN,1727391766
15,kone,-21.0595,164.8658,29.27,41,20,2.62,NC,1727391767
16,hermanus,-34.4187,19.2345,14.89,89,95,1.94,ZA,1727391768
17,hamilton,39.1834,-84.5333,22.45,85,100,5.66,US,1727391337
18,ust-nera,64.5667,143.2,2.99,77,73,2.32,RU,1727391770
19,zamboanguita,9.1025,123.1996,24.97,84,96,3.2,PH,1727391773
20,invercargill,-46.4,168.35,3.9,93,100,3.13,NZ,1727391774
21,affery,6.315,-3.9603,22.22,99,66,1.39,CI,1727391775
22,lazaro cardenas,17.9583,-102.2,23.82,97,100,8.94,MX,1727391776
23,moyale,3.5167,39.0584,19.75,66,86,6.84,KE,1727391734
24,ostersund,63.1792,14.6357,4.25,94,55,2.06,SE,1727391612
25,shuangyang,43.5242,125.6736,10.44,80,1,1.17,CN,1727391779
26,blackmans bay,-43.0167,147.3167,11.52,66,41,2.12,AU,1727391780
27,el jadid,33.2549,-8.506,21.61,89,42,3.66,MA,1727391636
28,thompson,55.7435,-97.8558,25.09,50,75,2.57,CA,1727391782
29,bhadrakh,21.0528,86.52,24.91,97,100,2.21,IN,1727391783
30,nemuro,43.3236,145.575,16.71,96,100,4.76,JP,1727391784
31,adamstown,-25.066,-130.1015,21.38,89,40,5.77,PN,1727391786
32,touros,-5.1989,-35.4608,24.63,77,23,7.86,BR,1727391787
33,hadibu,12.65,54.0333,25.09,84,64,6.94,YE,1727391788
34,lauderdale-by-the-sea,26.192,-80.0964,30.01,74,20,10.8,US,1727391789
35,klyuchi,52.2667,79.1667,2.32,74,86,3.15,RU,1727391790
36,arinos,-15.9169,-46.1056,27.56,25,2,1.71,BR,1727391690
37,dunedin,-45.8742,170.5036,9.33,45,37,4.02,NZ,1727391566
38,tondano,1.3038,124.9112,22.05,80,100,0.51,ID,1727391793
39,ha'il,27.5219,41.6907,27.01,26,0,1.03,SA,1727391640
40,mangrol,21.1167,70.1167,26.5,88,100,5.82,IN,1727391795
41,island harbour,50.724,-1.2758,12.78,88,94,5.36,GB,1727391796
42,colonia,50.9333,6.95,15.36,86,20,4.63,DE,1727391605
43,portland,45.5234,-122.6762,22.74,58,20,2.57,US,1727391545
44,ancud,-41.8697,-73.8203,6.0,73,100,2.13,CL,1727391606
45,stanley,54.868,-1.6985,9.04,84,75,8.75,GB,1727391803
46,puerto ayora,-0.7393,-90.3518,20.86,92,100,1.34,EC,1727391804
47,udachny,66.4167,112.4,-0.45,86,59,1.83,RU,1727391805
48,la passe,45.5549,-0.8967,15.69,75,8,9.35,FR,1727391806
49,lukolela,-1.0605,17.1821,21.82,98,98,1.1,CD,1727391807
50,avarua,-21.2078,-159.775,23.03,68,75,3.6,CK,1727391808
51,albany,42.6001,-73.9662,17.37,81,100,0.91,US,1727391622
52,nar'yan-mar,67.6713,53.087,11.9,88,89,7.1,RU,1727391811
53,waitangi,-43.9535,-176.5597,7.68,96,100,3.58,NZ,1727391812
54,edinburgh of the seven seas,-37.0676,-12.3116,13.88,91,98,12.34,SH,1727391813
55,kapa'a,22.0752,-159.319,29.15,61,96,2.68,US,1727391814
56,bethel,41.3712,-73.414,22.05,90,100,0.45,US,1727391815
57,camiri,-20.05,-63.5167,16.88,88,100,2.57,BO,1727391816
58,longyearbyen,78.2186,15.6401,-0.09,64,40,12.35,SJ,1727391817
59,puerto natales,-51.7236,-72.4875,7.25,87,75,11.32,CL,1727391789
60,iqaluit,63.7506,-68.5145,4.85,86,75,2.06,CA,1727391820
61,sarupathar,26.1984,93.8094,22.6,98,100,0.6,IN,1727391821
62,kidal,18.4411,1.4078,32.96,27,3,4.86,ML,1727391822
63,popayan,2.4382,-76.6132,17.26,90,100,0.31,CO,1727391745
64,whitehorse,60.7161,-135.0538,10.05,52,20,4.63,CA,1727391678
65,punta arenas,-53.15,-70.9167,9.06,66,40,15.95,CL,1727391693
66,santo antonio,-6.3106,-35.4789,21.75,85,28,4.96,BR,1727391826
67,fort-shevchenko,44.5086,50.263,15.78,35,0,7.61,KZ,1727391827
68,okhotsk,59.3833,143.3,8.4,67,3,0.85,RU,1727391828
69,winkler,49.1817,-97.941,30.12,32,3,8.23,CA,1727391701
70,namibe,-15.1961,12.1522,19.87,88,100,2.85,AO,1727391830
71,hotan,37.0997,79.9269,21.72,23,0,1.08,CN,1727391639
72,aasiaat,68.7098,-52.8699,1.19,77,93,2.82,GL,1727391833
73,utrik,11.2278,169.8474,28.62,76,84,6.34,MH,1727391834
74,talcahuano,-36.7167,-73.1167,12.82,76,0,2.57,CL,1727391835
75,manggar,-2.8833,108.2667,25.39,85,99,1.37,ID,1727391836
76,koryazhma,61.3143,47.1691,13.21,40,75,5.07,RU,1727391837
77,labasa,-16.4167,179.3833,27.7,57,7,4.17,FJ,1727391838
78,hawaiian paradise park,19.5933,-154.9731,27.71,75,100,3.09,US,1727391839
79,necochea,-38.5473,-58.7368,7.45,56,0,3.66,AR,1727391840
80,den helder,52.9599,4.7593,14.99,88,75,9.77,NL,1727391695
81,cidreira,-30.1811,-50.2056,16.8,94,99,4.75,BR,1727391842
82,wailua homesteads,22.0669,-159.378,28.44,67,75,5.14,US,1727391843
83,cambria,35.5641,-121.0808,19.86,65,22,2.6,US,1727391845
84,lihue,21.9789,-159.3672,28.77,63,75,5.14,US,1727391847
85,ulsteinvik,62.3432,5.8487,9.86,83,100,1.34,NO,1727391848
86,vadso,70.0744,29.7487,7.09,87,100,1.03,NO,1727391792
87,hede,33.7681,120.2517,21.66,84,49,2.66,CN,1727391737
88,mecitozu,40.52,35.2953,15.8,66,15,1.21,TR,1727391851
89,pisco,-13.7,-76.2167,18.03,77,100,5.14,PE,1727391852
90,chui,-33.6971,-53.4616,13.91,95,100,4.14,UY,1727391853
91,kodiak,57.79,-152.4072,4.73,87,100,6.17,US,1727391556
92,ulladulla,-35.35,150.4667,9.92,76,100,4.51,AU,1727391855
93,susuman,62.7833,148.1667,4.78,58,7,0.97,RU,1727391857
94,jutai,-5.1833,-68.9,27.41,65,99,1.24,BR,1727391858
95,haiku-pauwela,20.9219,-156.3051,28.45,69,93,11.62,US,1727391859
96,dilling,12.05,29.65,23.12,67,100,4.52,SD,1727391860
97,keflavik,64.0049,-22.5624,4.24,87,0,2.06,IS,1727391679
98,afaahiti,-17.75,-149.2833,25.16,79,6,2.44,PF,1727391862
99,charleston,32.7766,-79.9309,24.1,97,100,3.09,US,1727391863
100,peniche,39.3558,-9.3811,19.0,96,9,4.39,PT,1727391864
101,agat village,13.3886,144.6585,29.64,85,96,1.34,GU,1727391865
102,oriximina,-1.7656,-55.8661,31.11,45,54,1.87,BR,1727391867
103,queenstown,-31.8976,26.8753,9.55,78,45,0.25,ZA,1727391868
104,port mathurin,-19.6833,63.4167,22.18,78,9,9.41,MU,1727391869
105,san patricio,28.017,-97.5169,30.97,30,0,4.71,US,1727391870
106,gamba,-2.65,10.0,24.57,86,100,3.44,GA,1727391871
107,gillette,44.2911,-105.5022,31.51,12,0,7.72,US,1727391872
108,bandar lampung,-5.4254,105.258,23.88,95,98,1.77,ID,1727391873
109,prado,-17.3411,-39.2208,24.22,74,0,5.71,BR,1727391874
110,swakopmund,-22.6833,14.5333,13.88,82,73,0.89,NA,1727391876
111,whangarei,-35.7317,174.3239,19.33,72,100,3.71,NZ,1727391877
112,talnakh,69.4865,88.3972,1.86,82,100,1.69,RU,1727391878
113,banda aceh,5.5577,95.3222,26.05,83,100,2.44,ID,1727391879
114,san antonio de pale,-1.4014,5.6325,25.2,81,32,5.29,GQ,1727391645
115,hempstead,40.7062,-73.6187,22.88,93,100,6.69,US,1727391762
116,chonchi,-42.6128,-73.8092,7.84,87,100,0.39,CL,1727391883
117,st. john's,47.5649,-52.7093,11.1,96,100,3.13,CA,1727391718
118,mount pearl,47.5166,-52.7813,10.64,96,100,2.68,CA,1727391886
119,west island,-12.1568,96.8225,25.99,83,40,6.17,CC,1727391887
120,phan rang-thap cham,11.5667,108.9833,24.1,87,100,1.52,VN,1727391888
121,pochinok,54.4068,32.4407,16.09,61,98,7.17,RU,1727391889
122,college,64.8569,-147.8028,6.71,81,100,2.06,US,1727391725
123,ilulissat,69.2167,-51.1,5.01,65,100,0.0,GL,1727391891
124,kerikeri,-35.2268,173.9474,18.39,76,100,4.19,NZ,1727391892
125,huarmey,-10.0681,-78.1522,17.84,80,64,3.14,PE,1727391893
126,machico,32.7,-16.7667,22.62,85,40,2.57,PT,1727391894
127,forres,57.6113,-3.6108,9.98,87,100,11.83,GB,1727391895
128,ujae,8.9322,165.7642,28.71,74,50,4.02,MH,1727391897
129,isafjordur,66.0755,-23.124,1.85,95,100,2.1,IS,1727391898
130,fort bragg,35.139,-79.006,24.34,97,100,2.57,US,1727391899
131,nelson bay,-32.7167,152.15,16.73,60,100,7.6,AU,1727391900
132,campbell river,50.0163,-125.2446,13.03,100,100,12.86,CA,1727391757
133,walvis bay,-22.9575,14.5053,17.53,63,73,1.03,NA,1727391821
134,margaret river,-33.95,115.0667,12.57,79,100,5.32,AU,1727391903
135,sao joao da barra,-21.6403,-41.0511,24.05,81,0,14.2,BR,1727391905
136,saldanha,-33.0117,17.9442,14.03,94,21,6.5,ZA,1727391906
137,yushu,44.8,126.5333,10.63,82,5,2.51,CN,1727391907
138,jamestown,42.097,-79.2353,20.57,80,100,3.6,US,1727391698
139,parang,7.3704,124.2697,25.19,82,9,1.63,PH,1727391909
140,minas de marcona,-15.2119,-75.1103,12.6,79,65,5.22,PE,1727391677
141,nikolayevsk-on-amure,53.1406,140.73,10.73,98,100,1.48,RU,1727391911
142,guerrero negro,27.9769,-114.0611,21.98,71,0,9.76,MX,1727391912
143,sitka,57.0531,-135.33,11.44,65,100,2.04,US,1727391913
144,bamboo flat,11.7,92.7167,26.05,94,40,1.03,IN,1727391915
145,port saint john's,-31.6229,29.5448,16.76,78,16,4.2,ZA,1727391916
146,collie,-33.3667,116.15,11.51,96,89,2.18,AU,1727391917
147,cove,7.221,2.3402,22.8,96,68,1.8,BJ,1727391918
148,rupert,42.6191,-113.6772,27.88,25,0,2.57,US,1727391919
149,mandera,3.9366,41.867,25.91,51,83,8.14,KE,1727391734
150,magistral'nyy,56.1725,107.4458,-1.28,83,12,0.77,RU,1727391921
151,pimenta bueno,-11.6725,-61.1936,31.72,37,99,2.88,BR,1727391795
152,yeraliyev,43.2,51.65,15.88,40,9,7.9,KZ,1727391923
153,lewistown,40.5992,-77.5714,22.01,97,0,0.0,US,1727391924
154,pergamino,-33.89,-60.5736,12.82,54,0,3.72,AR,1727391214
155,braganca,-1.0536,-46.7656,25.3,82,14,1.5,BR,1727391722
156,kingston,17.997,-76.7936,29.53,79,20,4.12,JM,1727391750
157,tshikapa,-6.4167,20.8,26.43,53,67,1.29,CD,1727391930
158,bilibino,68.0546,166.4372,-2.97,90,100,0.42,RU,1727391933
159,suleja,9.1758,7.1808,21.55,93,61,1.1,NG,1727391934
160,aykhal,66.0,111.5,-1.35,96,65,2.38,RU,1727391935
161,preobrazheniye,42.9019,133.9064,15.44,75,38,2.39,RU,1727391936
162,mont-dore,-22.2833,166.5833,27.78,96,73,0.7,NC,1727391935
163,santiago de cao,-7.9589,-79.2392,17.07,88,99,4.63,PE,1727391938
164,kyzylorda,44.8528,65.5092,9.01,34,0,6.0,KZ,1727391939
165,geraldton,-28.7667,114.6,12.23,94,100,4.12,AU,1727391765
166,neryungri,56.6709,124.6491,6.83,87,100,4.06,RU,1727391943
167,georgetown,5.4112,100.3354,26.96,87,20,2.06,MY,1727391658
168,pokhara,28.2333,83.9833,19.42,97,100,0.85,NP,1727391898
169,yuxi,24.355,102.5422,16.33,96,71,0.91,CN,1727391947
170,ribeira grande,38.5167,-28.7,23.22,78,75,4.12,PT,1727391948
171,kayangel,8.0823,134.7173,28.46,77,8,2.56,PW,1727391949
172,wenchang,30.904,118.4887,21.76,94,43,3.79,CN,1727391951
173,mukalla,14.5425,49.1242,27.11,91,61,2.18,YE,1727391952
174,roma,43.2128,-75.4557,17.98,97,75,0.0,US,1727391700
175,fale old settlement,-9.3852,-171.2468,26.11,86,100,6.57,TK,1727391954
176,antonio enes,-16.2325,39.9086,21.65,89,0,1.77,MZ,1727391955
177,gizo,-8.103,156.8419,27.9,76,68,0.19,SB,1727391956
178,constantia,44.1833,28.65,18.38,84,49,5.47,RO,1727391845
179,chifeng,42.2683,118.9636,13.0,80,2,1.68,CN,1727391958
180,campos do jordao,-22.7394,-45.5914,19.91,30,50,0.08,BR,1727391959
181,sola,-13.8833,167.55,25.84,78,20,9.43,VU,1727391680
182,atafu village,-8.5421,-172.5159,27.31,78,100,5.57,TK,1727391962
183,sturgis,41.7992,-85.4192,19.82,67,0,3.09,US,1727391963
184,ta`u,-14.2336,-169.5144,27.03,77,100,7.03,AS,1727391964
185,yemva,62.59,50.8594,12.31,63,59,4.4,RU,1727391965
186,olonkinbyen,70.9221,-8.7187,-2.54,80,100,13.56,SJ,1727391966
187,ust'-kulom,61.6864,53.6902,11.96,66,95,3.45,RU,1727391967
188,telimele,10.9167,-13.3333,20.47,99,98,0.89,GN,1727391968
189,le port,-20.9373,55.2919,21.05,93,12,9.34,RE,1727391969
190,concepcion,-36.827,-73.0498,12.89,76,0,2.57,CL,1727391578
191,santa terezinha,-29.9002,-50.0904,17.12,93,96,5.18,BR,1727391971
192,taungoo,18.9333,96.4333,22.93,97,64,0.94,MM,1727391694
193,brookings,44.3114,-96.7984,27.0,39,0,7.2,US,1727391796
194,yinchuan,38.4681,106.2731,19.97,60,24,1.89,CN,1727391975
195,papatowai,-46.5619,169.4708,5.37,86,95,6.46,NZ,1727391976
196,forster,-32.1667,152.5167,15.77,77,100,8.53,AU,1727391977
197,willmar,45.1219,-95.0433,27.97,32,0,6.69,US,1727391712
198,chibougamau,49.9168,-74.3659,12.79,100,20,0.0,CA,1727391725
199,aljezur,37.3191,-8.8033,17.56,96,53,2.88,PT,1727391980
200,rabaul,-4.1967,152.1721,27.5,76,71,1.47,PG,1727391982
201,vilyuchinsk,52.9306,158.4028,11.15,73,97,1.24,RU,1727391983
202,antsiranana,-12.2787,49.2917,22.26,73,0,7.18,MG,1727391985
203,vernon,50.2581,-119.2691,18.2,40,93,2.06,CA,1727391986
204,novoishimskiy,53.1981,66.7694,6.28,52,67,3.42,KZ,1727391987
205,saint-philippe,-21.3585,55.7679,21.89,86,53,6.94,RE,1727391988
206,kinkala,-4.3614,14.7644,23.83,80,85,4.12,CG,1727391989
207,puerto aysen,-45.4,-72.7,3.75,99,96,2.14,CL,1727391789
208,ust'-barguzin,53.45,108.9833,3.15,87,100,1.32,RU,1727391991
209,suksun,57.1431,57.3949,7.87,63,14,4.44,RU,1727391992
210,villa gesell,-37.2639,-56.973,9.27,57,0,3.11,AR,1727391793
211,gumdag,39.2061,54.5906,18.98,27,18,7.54,TM,1727391729
212,bikenibeu village,1.3673,173.1241,30.98,62,20,3.09,KI,1727391996
213,gombi,10.1614,12.7399,23.25,84,75,1.42,NG,1727391997
214,arraial do cabo,-22.9661,-42.0278,23.98,60,0,9.26,BR,1727391735
215,corner brook,48.9667,-57.9484,8.35,91,45,0.44,CA,1727391999
216,aktau,43.65,51.2,10.32,42,0,8.26,KZ,1727392000
217,hithadhoo,-0.6,73.0833,27.0,78,100,8.01,MV,1727392001
218,qaqortoq,60.7167,-46.0333,4.04,88,19,4.53,GL,1727392002
219,tsaratanana,-16.7833,47.65,19.92,75,1,3.13,MG,1727392003
220,auki,-8.7676,160.7034,29.89,65,92,0.81,SB,1727392004
221,borzya,50.3833,116.5167,10.24,79,100,3.83,RU,1727392006
222,rongelap,11.1635,166.8941,28.8,75,93,7.25,MH,1727392007
223,inarajan village,13.2736,144.7484,29.66,85,97,4.1,GU,1727392008
224,mount gambier,-37.8333,140.7667,9.65,64,0,2.34,AU,1727392009
225,kristiansund,63.1115,7.732,8.36,81,100,2.57,NO,1727392010
226,santana,-0.0583,-51.1817,31.1,70,0,5.14,BR,1727392011
227,polyarnyy,69.1989,33.4478,8.58,86,88,6.59,RU,1727392013
228,moroni,-11.7022,43.2551,23.57,83,11,1.44,KM,1727392014
229,magadan,59.5667,150.8,7.42,57,5,1.04,RU,1727392015
230,crane,31.3974,-102.3501,29.36,23,0,2.77,US,1727392016
231,bredasdorp,-34.5322,20.0403,11.3,94,68,1.25,ZA,1727392017
232,filey,54.21,-0.2892,9.94,92,99,5.81,GB,1727392018
233,masuguru,-11.3667,38.4167,22.77,73,0,2.47,TZ,1727392019
234,mragowo,53.8644,21.3051,17.34,69,100,5.83,PL,1727392020
235,remire-montjoly,4.9167,-52.2667,28.02,83,0,2.57,GF,1727392021
236,ndele,8.4109,20.6473,21.75,94,69,1.08,CF,1727392022
237,kruisfontein,-34.0033,24.7314,11.39,86,42,1.13,ZA,1727392024
238,gusau,12.1628,6.6614,25.88,70,20,3.06,NG,1727392025
239,igrim,63.1906,64.4162,5.08,96,100,2.45,RU,1727392026
240,monrovia,6.3005,-10.7969,25.19,88,97,3.7,LR,1727392027
241,vila velha,-20.3297,-40.2925,24.41,82,20,6.17,BR,1727392002
242,quibala,-10.7337,14.98,19.88,82,90,1.39,AO,1727392029
243,lorengau,-2.0226,147.2712,29.03,71,100,2.06,PG,1727392030
244,port alfred,-33.5906,26.891,12.32,94,18,3.8,ZA,1727392031
245,fomboni,-12.28,43.7425,24.94,77,0,4.58,KM,1727392033
246,kharkhorin,47.1975,102.8238,5.26,91,100,1.91,MN,1727392035
247,nova sintra,14.8667,-24.7167,27.01,83,100,3.84,CV,1727392036
248,kulunda,52.566,78.9385,3.56,65,82,3.5,RU,1727392037
249,santa cruz,-17.8,-63.1667,25.03,57,75,10.8,BO,1727391814
250,port lincoln,-34.7333,135.8667,13.42,63,1,7.76,AU,1727392039
251,afif,23.9065,42.9172,25.89,24,100,4.44,SA,1727392040
252,eduardo castex,-35.915,-64.2945,12.85,22,3,4.18,AR,1727392041
253,tiksi,71.6872,128.8694,1.13,100,100,3.66,RU,1727392043
254,freetown,8.484,-13.2299,25.32,87,70,3.98,SL,1727392044
255,nadi,-17.8,177.4167,29.0,48,20,5.66,FJ,1727392045
256,oranjemund,-28.55,16.4333,13.02,88,100,4.53,NA,1727392046
257,muynoq,43.7683,59.0214,14.26,41,2,7.65,UZ,1727392050
258,lourical,40.0039,-8.7374,15.81,95,20,1.88,PT,1727392051
259,safi,32.1667,-8.8333,20.54,85,37,4.37,MA,1727392053
260,kota tinggi,1.7381,103.8999,26.79,93,90,0.66,MY,1727392054
261,kribi,2.95,9.9167,24.68,92,100,2.55,CM,1727392056
262,severo-yeniseyskiy,60.3725,93.0408,-4.51,93,14,0.9,RU,1727392057
263,bodden town,19.2833,-81.25,27.77,88,79,3.58,KY,1727392058
264,gadzhiyevo,69.2551,33.3362,8.81,87,95,6.8,RU,1727392059
265,barah,13.7,30.3667,27.89,56,82,7.08,SD,1727392060
266,seram,17.1833,77.2833,22.52,92,99,4.26,IN,1727392061
267,pontianak,-0.0333,109.3333,23.99,100,75,1.54,ID,1727391952
268,benguela,-12.5763,13.4055,22.39,86,93,1.44,AO,1727392064
269,sao raimundo nonato,-9.0153,-42.6994,28.51,35,87,2.17,BR,1727392065
270,dudinka,69.4058,86.1778,-0.26,94,100,2.88,RU,1727392066
271,kununurra,-15.7667,128.7333,24.99,94,20,1.54,AU,1727392068
272,pangai,-19.8,-174.35,22.6,64,0,7.27,TO,1727392069
273,ushuaia,-54.8,-68.3,9.81,50,75,4.63,AR,1727391989
274,ico,-6.4011,-38.8622,30.97,29,24,1.36,BR,1727392071
275,dakhla,23.6848,-15.958,20.56,86,88,8.65,EH,1727392072
276,codrington,-38.2667,141.9667,10.17,68,2,2.63,AU,1727392073
277,diapaga,12.0708,1.7889,26.38,77,9,2.48,BF,1727392074
278,saipan,15.1355,145.701,28.39,83,75,4.63,MP,1727392075
279,sierra grande,-41.606,-65.3557,17.3,9,23,8.09,AR,1727392076
280,insar,53.8653,44.3738,10.03,34,47,4.5,RU,1727392079
281,guanica,17.9716,-66.908,30.21,61,97,4.41,PR,1727392080
282,carutapera,-1.195,-46.02,26.08,78,20,3.94,BR,1727392081
283,sur,22.5667,59.5289,28.07,65,100,3.31,OM,1727392022
284,beau vallon,-20.4189,57.6953,22.26,75,63,8.18,MU,1727392083
285,konskie,51.1917,20.4061,17.14,75,100,2.6,PL,1727392084
286,vorgashor,67.5833,63.95,4.44,97,100,4.88,RU,1727392085
287,amga,60.8953,131.9608,6.86,89,96,1.64,RU,1727392086
288,kalmunai,7.4167,81.8167,26.58,78,82,1.64,LK,1727392087
289,alice springs,-23.7,133.8833,16.75,55,0,5.14,AU,1727392088
290,bulawayo,-20.15,28.5833,22.14,28,60,2.47,ZW,1727392090
291,santa ana,33.7456,-117.8678,27.25,57,0,3.6,US,1727391793
292,lebu,-37.6167,-73.65,7.81,74,99,3.01,CL,1727392092
293,westport,41.1415,-73.3579,22.96,91,100,1.34,US,1727392093
294,grand-bassam,5.2118,-3.7388,25.98,92,100,3.2,CI,1727392094
295,arica,-18.475,-70.3042,17.13,67,100,4.12,CL,1727392009
296,enewetak,11.3474,162.3373,28.94,74,27,5.23,MH,1727392096
297,praia da vitoria,38.7333,-27.0667,20.01,78,100,2.4,PT,1727392097
298,general acha,-37.377,-64.6043,13.71,27,2,5.0,AR,1727392098
299,mpika,-11.8343,31.4529,17.69,37,1,1.78,ZM,1727392099
300,kinablangan,7.6947,126.5503,25.01,85,99,1.82,PH,1727392100
301,tual,-5.6667,132.75,27.44,81,30,7.02,ID,1727392102
302,suva,-18.1416,178.4415,26.71,61,75,5.14,FJ,1727391973
303,akureyri,65.6835,-18.0878,3.06,99,100,1.67,IS,1727392104
304,kievka,50.2619,71.5514,1.22,54,17,2.44,KZ,1727392105
305,carnarvon,-24.8667,113.6333,19.41,67,98,4.61,AU,1727392106
306,holualoa,19.6228,-155.9522,27.91,88,40,5.14,US,1727392107
307,rayevskiy,54.0658,54.9468,8.65,52,19,2.24,RU,1727392108
308,shupiyan,33.7167,74.8333,13.43,63,0,2.21,IN,1727392109
309,lompoc,34.6391,-120.4579,22.3,68,20,6.17,US,1727392110
310,san rafael,-34.6177,-68.3301,17.21,20,54,5.95,AR,1727392071
311,alenquer,-1.9417,-54.7383,28.34,60,37,1.48,BR,1727392113
312,ocean shores,46.9737,-124.1563,17.0,84,100,6.17,US,1727392114
313,playa vicente,17.8333,-95.8167,25.72,89,100,1.22,MX,1727391926
314,bel ombre,-4.6167,55.4167,26.01,82,56,6.73,SC,1727392116
315,bhawanipatna,19.9,83.1667,23.77,97,100,1.6,IN,1727392117
316,saint-leu,-21.15,55.2833,21.48,96,9,1.43,RE,1727392118
317,uturoa,-16.7333,-151.4333,26.35,81,24,4.23,PF,1727392119
318,ambon,-3.6954,128.1814,29.37,95,40,3.09,ID,1727392120
319,puerto lempira,15.2667,-83.7667,30.08,74,40,2.57,HN,1727392097
320,port macquarie,-31.4333,152.9167,15.6,84,100,4.02,AU,1727392122
321,zeya,53.75,127.2667,9.68,73,46,3.17,RU,1727392124
322,tabou,4.423,-7.3528,24.46,91,72,2.93,CI,1727392125
323,puerto baquerizo moreno,-0.9,-89.6,20.06,85,100,4.81,EC,1727392126
324,yukhnov,54.7444,35.2297,18.43,45,85,6.49,RU,1727392128
325,virginia beach,36.8529,-75.978,25.04,93,100,4.35,US,1727391985
326,mugia,43.1041,-9.2179,16.06,76,53,9.1,ES,1727392130
327,progreso,21.2833,-89.6667,29.98,83,98,3.13,MX,1727391950
328,uaua,-9.8414,-39.4817,24.44,58,60,8.35,BR,1727392133
329,rio grande,-32.035,-52.0986,16.02,95,100,8.9,BR,1727391427
330,palmer,42.1584,-72.3287,20.5,91,100,1.54,US,1727392115
331,new glasgow,45.5834,-62.6486,13.29,77,99,3.49,CA,1727392136
332,kem',64.9555,34.5793,11.15,90,84,4.35,RU,1727392137
333,peace river,56.2501,-117.286,16.31,23,0,7.04,CA,1727392138
334,pierre,44.3683,-100.351,35.15,24,0,6.69,US,1727392015
335,baie-saint-paul,47.4411,-70.4986,13.88,96,100,2.24,CA,1727392140
336,kingaroy,-26.5333,151.8333,20.09,65,99,2.48,AU,1727392141
337,velikiy ustyug,60.7644,46.3106,12.8,39,86,4.27,RU,1727392142
338,kembe,4.6228,21.8865,21.08,95,92,1.07,CF,1727392144
339,egilsstadir,65.2653,-14.3948,2.37,99,100,2.11,IS,1727392145
340,nuuk,64.1835,-51.7216,6.34,75,61,4.12,GL,1727392146
341,irati,-25.4672,-50.6511,22.23,52,71,0.86,BR,1727392147
342,vada,51.97,5.6667,14.97,88,20,8.23,NL,1727392148
343,lospalos,-8.5186,127.0025,24.81,75,62,3.2,TL,1727392149
344,marshalltown,42.0494,-92.908,26.06,41,0,3.6,US,1727392150
345,hani,38.4167,40.4,20.57,32,1,3.28,TR,1727392151
346,kuqa,41.7278,82.9364,19.42,35,89,4.74,CN,1727392152
347,vung tau,10.346,107.0843,25.98,82,100,5.7,VN,1727392153
348,alotau,-10.3069,150.4462,29.0,69,60,2.1,PG,1727392156
349,ternate,0.8,127.4,27.09,78,93,0.92,ID,1727392157
350,longgang,37.6508,120.3286,19.71,60,13,3.84,CN,1727392158
351,odienne,9.51,-7.5692,22.77,93,100,0.17,CI,1727392159
352,labytnangi,66.6572,66.4183,1.64,96,100,3.25,RU,1727392160
353,buala,-8.145,159.5921,29.28,71,94,4.34,SB,1727392161
354,salaga,8.5508,-0.5188,23.78,94,98,1.94,GH,1727392162
355,khorixas,-20.3667,14.9667,25.14,23,23,1.53,NA,1727392163
356,sal rei,16.1833,-22.9167,26.6,84,99,3.15,CV,1727392165
357,hemsby,52.6971,1.6918,12.13,81,100,6.56,GB,1727392166
358,villamontes,-21.25,-63.5,14.89,68,100,2.73,BO,1727392167
359,weno,7.4515,151.8468,27.97,83,75,0.0,FM,1727392168
360,butere,0.2064,34.4935,17.5,86,95,2.54,KE,1727392169
361,nova vicosa,-17.8919,-39.3719,24.1,74,1,5.73,BR,1727392170
362,laayoune,27.1622,-13.2032,21.6,83,22,6.38,EH,1727392024
363,calvinia,-31.4707,19.776,12.09,54,100,1.15,ZA,1727392172
364,interlaken,36.9513,-121.7338,29.44,62,0,3.09,US,1727392173
365,hays,30.0502,-98.0336,31.05,35,0,5.53,US,1727392174
366,tolanaro,-25.0319,46.9987,20.81,92,63,2.96,MG,1727392175
367,krasnozavodsk,56.45,38.2167,14.49,42,90,5.47,RU,1727392177
368,ciudad bolivar,8.1222,-63.5497,31.67,52,66,3.97,VE,1727392178
369,lycksele,64.5954,18.6735,0.93,100,54,1.03,SE,1727392179
370,hasaki,35.7333,140.8333,23.63,90,100,4.64,JP,1727392180
371,sinabang,2.4803,96.3801,25.7,88,59,0.67,ID,1727392181
372,glace bay,46.1969,-59.957,12.31,93,100,3.09,CA,1727392182
373,terenos,-20.4422,-54.8603,23.84,88,75,5.14,BR,1727392183
374,la ronge,55.1001,-105.2842,11.12,87,100,8.75,CA,1727392184
375,bontang,0.1333,117.5,26.26,85,100,1.4,ID,1727392186
376,copiapo,-27.3667,-70.3333,20.78,33,0,3.04,CL,1727392167
377,yuzhne,46.6221,31.1013,19.48,86,63,4.96,UA,1727392188
378,mersa matruh,31.3525,27.2453,24.61,59,0,4.31,EG,1727392189
379,brandon,27.9378,-82.2859,27.2,94,100,16.98,US,1727391955
380,linhares,-19.3911,-40.0722,22.63,80,0,3.54,BR,1727392191
381,acarau,-2.8856,-40.12,25.39,81,22,8.87,BR,1727392192
382,ironwood,46.4547,-90.171,21.45,53,0,1.54,US,1727392193
383,tazovsky,67.4667,78.7,-0.63,81,99,3.92,RU,1727392195
384,tsiombe,-25.3,45.4833,21.79,78,41,2.0,MG,1727392196
385,ribas do rio pardo,-20.4431,-53.7592,32.97,21,50,1.79,BR,1727392197
386,abaza,52.655,90.0928,-2.13,89,58,1.86,RU,1727392198
387,al ghayzah,16.2079,52.176,26.8,83,83,1.06,YE,1727392199
388,cascais,38.6979,-9.4215,18.92,82,32,0.45,PT,1727392200
389,marquette,46.5333,-87.6335,18.98,73,0,1.34,US,1727392201
390,hohhot,40.8106,111.6522,15.33,75,81,2.58,CN,1727392203
391,grafton,42.207,-71.6856,20.27,96,100,2.57,US,1727392204
392,vila franca do campo,37.7167,-25.4333,21.23,99,88,1.95,PT,1727392206
393,ape,57.5393,26.6929,14.44,90,93,6.14,LV,1727392207
394,deschutes river woods,43.9915,-121.3584,26.11,29,0,4.12,US,1727392208
395,brazzaville,-4.2658,15.2832,26.2,73,20,1.54,CG,1727392209
396,kyren,51.6828,102.1408,1.01,92,100,0.17,RU,1727392210
397,nishinoomote,30.7333,131.0,26.84,83,61,10.43,JP,1727392211
398,midvagur,62.0511,-7.1939,5.46,75,100,7.72,FO,1727392212
399,san luis de la loma,17.2706,-100.8939,24.92,96,100,3.75,MX,1727392213
400,tamanrasset,22.785,5.5228,25.95,29,40,1.03,DZ,1727391970
401,baihar,22.1,80.55,22.63,99,100,2.59,IN,1727392215
402,sidi khaled,34.387,4.9879,28.2,39,3,2.42,DZ,1727392216
403,qamdo,31.1667,97.2333,4.05,86,72,2.19,CN,1727392159
404,dubovskoye,47.4092,42.7575,13.65,46,100,5.76,RU,1727392219
405,kapuskasing,49.4169,-82.4331,14.57,82,45,1.12,CA,1727392220
406,taguatinga,-12.3857,-46.5711,30.2,19,3,1.13,BR,1727392092
407,madalena,41.2162,-8.3345,15.86,93,9,2.08,PT,1727392222
408,kimberley,-28.7323,24.7623,14.59,28,100,2.29,ZA,1727392223
409,fortuna,40.5982,-124.1573,18.51,71,0,6.69,US,1727392225
410,caiaponia,-16.9567,-51.8103,30.8,17,95,1.41,BR,1727392226
411,yarmouth,41.7057,-70.2286,19.42,93,100,4.02,US,1727392057
412,yangshuo,24.7808,110.4897,24.38,86,72,0.38,CN,1727392228
413,coquimbo,-29.9533,-71.3436,12.85,94,20,2.57,CL,1727392212
414,albestii pamanteni,45.2167,24.6667,14.87,62,72,1.88,RO,1727392230
415,iskateley,67.6803,53.1512,11.93,88,90,7.1,RU,1727392231
416,linxia chengguanzhen,35.6003,103.2064,12.97,56,61,1.2,CN,1727392233
417,saint-francois,46.4154,3.9054,14.25,93,40,3.16,FR,1727392234
418,clarence-rockland,45.5501,-75.291,19.09,63,8,2.88,CA,1727392036
419,palikir - national government center,6.9248,158.1611,32.41,70,40,2.57,FM,1727392069
420,chegdomyn,51.1167,133.0167,8.94,90,99,0.3,RU,1727392237
421,valparaiso,-33.0393,-71.6273,18.13,36,0,4.12,CL,1727392061
422,general zuazua,25.9,-100.1167,30.54,45,0,4.63,MX,1727392239
423,coronel suarez,-37.4547,-61.9334,9.35,44,0,3.33,AR,1727392241
424,arrifes,37.7667,-25.7,20.14,78,20,2.06,PT,1727392242
425,happy valley-goose bay,53.3168,-60.3315,11.46,66,17,0.65,CA,1727392243
426,menongue,-14.6585,17.691,18.97,23,100,2.37,AO,1727392244
427,sorokino,53.75,84.9167,1.53,99,100,2.62,RU,1727392245
428,oropesa del mar,40.1,0.15,25.74,54,2,3.7,ES,1727392246
429,margate,51.3813,1.3862,13.26,80,46,0.45,GB,1727392173
430,ceylanpinar,36.8472,40.05,25.14,25,0,3.13,TR,1727392248
431,richards bay,-28.783,32.0377,18.73,81,54,6.35,ZA,1727391958
432,al jawf,29.5,38.75,26.21,30,0,2.07,SA,1727392250
433,macapa,0.0389,-51.0664,30.99,70,0,5.14,BR,1727392251
434,vilyuysk,63.7553,121.6247,1.71,82,100,1.34,RU,1727392253
435,road town,18.4167,-64.6167,27.02,89,40,4.63,VG,1727392254
436,fort mcmurray,56.7268,-111.381,14.73,67,75,3.6,CA,1727392256
437,lethem,3.3803,-59.7968,31.25,48,92,1.31,GY,1727392257
438,thunder bay,48.4001,-89.3168,16.94,78,14,1.85,CA,1727392259
439,la villa del rosario,10.3258,-72.3134,28.34,74,100,2.03,VE,1727392260
440,tremonton,41.7119,-112.1655,31.45,17,0,2.68,US,1727392261
441,omsk,55.0,73.4,-3.06,86,20,2.0,RU,1727392262
442,la sarre,48.8002,-79.1996,13.03,86,92,2.56,CA,1727392263
443,nadym,65.5333,72.5167,0.75,71,100,5.27,RU,1727392264
444,waiuku,-37.25,174.75,13.7,82,100,3.12,NZ,1727392266
445,berber,18.0216,33.983,34.4,21,93,1.9,SD,1727392267
446,al qadarif,14.0349,35.3834,25.0,80,100,4.05,SD,1727392270
447,annau,37.8876,58.516,19.92,37,36,2.37,TM,1727392271
448,zhezqazghan,47.7833,67.7667,4.86,42,0,4.42,KZ,1727392272
449,tokar,18.4254,37.729,28.63,74,15,2.4,SD,1727392273
450,gaoping,30.7758,106.1029,26.5,58,10,0.59,CN,1727392276
451,roxas,11.5853,122.7511,26.44,86,100,1.2,PH,1727392277
452,san juan de miraflores,-12.1629,-76.9635,18.43,78,94,2.55,PE,1727392278
453,aguachica,8.3084,-73.6166,24.88,89,96,1.18,CO,1727392280
454,tionk essil,12.7856,-16.5217,23.95,92,100,1.26,SN,1727392281
455,baley,51.6,116.6333,7.49,88,100,1.16,RU,1727392282
456,kisangani,0.5167,25.2,20.72,96,52,0.46,CD,1727392283
457,ghanzi,-21.5667,21.7833,23.4,23,71,5.56,BW,1727392284
458,kodinsk,58.6881,99.1844,1.37,99,100,1.11,RU,1727392285
459,webb city,37.1465,-94.463,25.82,45,20,3.6,US,1727392286
460,celestun,20.8667,-90.4,28.65,77,100,3.39,MX,1727392287
461,tocopilla,-22.092,-70.1979,17.28,78,13,3.55,CL,1727392288
462,arkhangel'sk,64.5401,40.5433,14.06,100,75,5.0,RU,1727392289
463,bathsheba,13.2167,-59.5167,28.42,77,87,2.71,BB,1727392291
464,pedro juan caballero,-22.5472,-55.7333,19.26,69,71,7.02,PY,1727392292
465,khandyga,62.6667,135.6,6.87,67,93,1.78,RU,1727392293
466,batyrevo,55.0675,47.6111,10.31,30,0,3.99,RU,1727392294
467,phayuha khiri,15.4553,100.1353,26.09,95,99,1.15,TH,1727392295
468,malango,-2.9627,119.9001,20.45,93,100,0.41,ID,1727392296
469,soni,-4.85,38.3667,15.28,91,20,1.09,TZ,1727392297
470,doaba,33.4244,70.7364,26.49,47,0,0.65,PK,1727392298
471,krasnoarmeysk,51.0239,45.6969,9.34,38,0,2.74,RU,1727392299
472,broome,42.2506,-75.833,19.25,83,100,1.54,US,1727392301
473,lamu,-2.2717,40.902,24.67,79,27,7.36,KE,1727392302
474,namsos,64.4662,11.4957,4.95,100,40,0.0,NO,1727392303
475,sragen,-7.4264,111.0222,24.95,88,96,1.8,ID,1727392067
476,mili,6.0815,171.735,29.05,73,16,3.68,MH,1727392305
477,sao felix do xingu,-6.6447,-51.995,26.37,64,50,1.15,BR,1727392306
478,callaway,30.153,-85.5699,24.96,97,100,9.26,US,1727392307
479,arar,30.9753,41.0381,26.01,25,0,2.06,SA,1727392308
480,mombetsu,44.3525,143.3525,16.09,94,95,0.95,JP,1727392310
481,kill devil hills,36.0307,-75.676,24.99,89,0,2.06,US,1727392157
482,xilin hot,43.9667,116.0333,10.22,85,29,2.79,CN,1727392312
483,sisimiut,66.9395,-53.6735,5.83,81,64,2.85,GL,1727392102
484,pyinmana,19.7333,96.2167,22.89,94,100,0.7,MM,1727392314
485,raton,36.9034,-104.4391,30.34,11,0,1.54,US,1727392315
486,green river,41.5286,-109.4662,28.32,18,13,3.13,US,1727392136
487,nkove,-7.95,30.85,25.61,48,25,1.77,TZ,1727392317
488,rikaze,29.25,88.8833,9.11,75,100,1.39,CN,1727392318
489,natal,-5.795,-35.2094,25.36,78,40,4.12,BR,1727392320
490,krasnovishersk,60.4078,57.082,6.84,90,96,2.3,RU,1727392321
491,binhe,32.6883,112.8275,20.28,82,0,3.14,CN,1727392322
492,jayapura,-2.5333,140.7,27.66,89,97,1.8,ID,1727392232
493,manicore,-5.8092,-61.3003,28.12,62,71,0.12,BR,1727392324
494,wynyard,-41.0,145.7167,11.77,68,10,3.97,AU,1727392325
495,luderitz,-26.6481,15.1594,17.27,53,100,6.12,NA,1727392326
496,cowra,-33.8333,148.6833,13.59,45,2,7.26,AU,1727392327
497,mbanza-ngungu,-5.25,14.8667,22.85,75,83,4.08,CD,1727392329
498,aioun,16.6614,-9.6149,29.37,50,58,7.99,MR,1727392330
499,smithers,54.7804,-127.1743,7.48,85,100,1.79,CA,1727392331
500,brisas de zicatela,15.8369,-97.0419,23.8,95,100,1.37,MX,1727392332
501,alcains,39.9164,-7.4566,14.47,82,21,3.23,PT,1727392333
502,fort st. john,56.2499,-120.8529,13.31,27,4,5.36,CA,1727392334
503,harper,4.375,-7.7169,24.58,90,81,3.29,LR,1727392335
504,yeniseysk,58.4497,92.1703,-1.71,97,96,1.59,RU,1727392336
505,muravlenko,63.7898,74.523,-1.38,77,57,2.91,RU,1727392337
506,tindouf,27.6711,-8.1474,29.09,28,81,4.17,DZ,1727392338
507,port isabel,26.0734,-97.2086,29.46,65,0,6.71,US,1727392339
508,hyesan,41.4017,128.1778,13.0,93,89,0.57,KP,1727392341
509,trairi,-3.2778,-39.2689,25.03,83,3,5.92,BR,1727392090
510,port shepstone,-30.7414,30.455,17.7,76,22,7.96,ZA,1727392344
511,neka,36.6508,53.299,19.18,84,100,2.62,IR,1727392345
512,lata,40.1629,-8.3327,13.41,97,18,1.08,PT,1727392346
513,al muwayh,22.4333,41.7583,27.04,13,82,5.2,SA,1727392347
514,lionel town,17.8101,-77.2406,26.64,88,46,2.48,JM,1727392348
515,cabedelo,-6.9811,-34.8339,24.37,84,15,4.75,BR,1727392349
516,rio san juan,19.6439,-70.0763,27.93,83,0,5.1,DO,1727392278
517,nicoya,10.1483,-85.452,25.33,88,98,1.4,CR,1727392351
518,coahuayana de hidalgo,18.7,-103.6583,25.22,94,100,1.74,MX,1727392353
519,anna regina,7.2644,-58.5077,27.95,75,10,4.94,GY,1727392354
520,borogontsy,62.6683,131.1683,5.93,86,95,1.81,RU,1727392355
521,bardai,11.65,7.2333,23.93,74,9,3.46,NG,1727392356
522,quellon,-43.1167,-73.6167,6.51,82,100,2.42,CL,1727392357
523,darwin,-12.4611,130.8418,28.86,78,40,0.51,AU,1727392221
524,paita,-5.0892,-81.1144,17.74,83,47,6.96,PE,1727392359
525,boda,4.3189,17.4695,21.52,93,100,0.88,CF,1727392360
526,lucapa,-8.4192,20.7447,24.99,41,65,0.45,AO,1727392362
527,mirnyy,62.5353,113.9611,0.2,91,49,1.51,RU,1727392363
528,wanning,18.8003,110.3967,24.69,87,84,1.32,CN,1727392364
529,ga-kgapane,-23.6333,30.2167,25.0,28,48,2.13,ZA,1727392365
530,inhambane,-23.865,35.3833,22.52,79,9,5.62,MZ,1727392366
531,bidhuna,26.8022,79.5088,25.0,92,97,4.73,IN,1727392367
532,thames,-37.1333,175.5333,12.93,90,100,4.22,NZ,1727392368
533,choibalsan,48.0667,114.5,12.09,66,100,5.06,MN,1727392369
534,luchenza,-16.0069,35.3095,21.71,32,0,0.55,MW,1727392092
535,awjilah,29.1081,21.2869,25.01,58,0,4.17,LY,1727392371
536,ciudad lazaro cardenas,17.9583,-102.2,23.82,97,100,8.94,MX,1727392109
537,cabano,10.5869,122.7002,26.36,82,100,2.49,PH,1727392374
538,biskra,34.8504,5.7281,28.77,40,6,2.01,DZ,1727392375
539,guatire,10.4762,-66.5427,23.13,98,96,1.34,VE,1727392376
540,luanda,-8.8368,13.2343,22.29,89,64,3.56,AO,1727392114
541,wotho,10.1657,166.0102,28.79,75,98,6.33,MH,1727392378
542,birjand,32.8663,59.2211,17.81,46,0,2.98,IR,1727392379
543,plastun,44.7561,136.2939,13.76,64,3,2.97,RU,1727392380
544,mount isa,-20.7333,139.5,19.87,56,2,6.69,AU,1727392381
545,belmonte,-15.8631,-38.8828,22.49,81,0,2.85,BR,1727392382
546,elliot,-31.3333,27.85,7.74,71,24,1.19,ZA,1727392383
547,hilo,19.7297,-155.09,27.83,74,100,3.09,US,1727392385
548,tralee,52.2704,-9.7026,9.42,85,100,7.52,IE,1727392386
549,olavarria,-36.8927,-60.3225,9.58,39,0,2.38,AR,1727392138
550,katsuura,35.1333,140.3,23.53,92,100,2.54,JP,1727392388
551,ma'an,26.9775,110.7211,20.81,88,73,0.75,CN,1727392389
552,odda,60.0691,6.5457,3.71,75,44,2.31,NO,1727392390
553,pimentel,-6.8367,-79.9342,19.16,72,0,9.77,PE,1727392391
554,ouesso,1.6136,16.0517,21.45,97,74,0.45,CG,1727392392
555,ubinskoye,55.3068,79.6802,0.32,90,95,3.78,RU,1727392395
556,dogansehir,38.0919,37.8789,16.69,29,0,1.88,TR,1727392396
557,den burg,53.0542,4.7972,14.99,88,100,9.26,NL,1727392397
558,amqui,48.4638,-67.4313,11.71,96,100,5.45,CA,1727392398
559,cestos city,5.46,-9.5828,25.39,89,100,2.99,LR,1727392399
560,abepura,-2.6333,140.5833,27.45,83,40,1.03,ID,1727392400
561,loango,-4.6719,11.8312,24.19,86,83,3.4,CG,1727392401
562,new norfolk,-42.7826,147.0587,12.18,61,89,1.82,AU,1727392402
563,yashikira,9.7667,3.4,23.34,92,31,1.86,NG,1727392403
564,meadow lake,34.8014,-106.5436,32.96,19,0,3.01,US,1727392404
565,berdigestyakh,62.0989,126.6992,0.76,99,100,3.66,RU,1727392238
566,malvan,16.0667,73.4667,27.06,82,100,7.0,IN,1727392407
567,tahe,52.3333,124.7333,9.38,65,12,1.49,CN,1727392408
568,greenville,35.6127,-77.3663,25.01,96,100,3.74,US,1727392409
569,yonggang-up,38.8561,125.4244,17.65,86,0,1.33,KP,1727392410
570,salinopolis,-0.6136,-47.3561,26.43,83,36,5.0,BR,1727392411
571,cartagena del chaira,1.3349,-74.8429,23.57,94,91,1.15,CO,1727392412
572,belyy yar,53.6039,91.3903,-0.06,80,0,0.0,RU,1727392413
573,phek,25.6667,94.5,18.35,100,100,0.45,IN,1727392415
574,marina del rey,33.9803,-118.4517,26.25,78,0,7.2,US,1727392416
575,tucurui,-3.7661,-49.6725,29.57,50,53,1.4,BR,1727392417
576,letlhakane,-21.4167,25.5833,26.89,21,28,5.49,BW,1727392418
